date_utc,arena_select_view_count
2026-06-03,12
2026-06-04,18
2026-06-05,6
2026-06-06,23
2026-06-07,4
2026-06-08,12
2026-06-09,7
2026-06-10,4
2026-06-11,16
2026-06-12,11
2026-06-13,7
2026-06-14,22
2026-06-15,21
2026-06-16,19
2026-06-17,6
2026-06-18,13
2026-06-19,15
2026-06-20,6
2026-06-21,4
2026-06-22,3
2026-06-23,4
2026-06-24,0
2026-06-25,0
2026-06-26,2
2026-06-27,0
2026-06-28,82
2026-06-29,0
2026-06-30,3
2026-07-01,0
2026-07-02,13
2026-07-03,17
2026-07-04,2
2026-07-05,17
2026-07-06,20
2026-07-07,42
2026-07-08,25
2026-07-09,4
2026-07-10,138
2026-07-11,2
2026-07-12,1
2026-07-13,86
2026-07-14,0
2026-07-15,5
2026-07-16,9
2026-07-17,1
2026-07-18,5
2026-07-19,37
2026-07-20,2
2026-07-21,27
2026-07-22,33
2026-07-23,22
2026-07-24,26
2026-07-25,6
2026-07-26,3
2026-07-27,7
2026-07-28,4
2026-07-29,11
2026-07-30,6
2026-07-31,1
2026-08-01,2
2026-08-02,2
2026-08-03,1474
2026-08-04,2282
2026-08-05,1331
2026-08-06,477
2026-08-07,333
2026-08-08,306
2026-08-09,186
2026-08-10,223
2026-08-11,93
