date_utc,arena_mount_count,arena_fresh_reset_fired_count,fresh_reset_ratio
2026-06-03,12,11,0.916666666667
2026-06-04,16,16,1.000000000000
2026-06-05,4,4,1.000000000000
2026-06-06,20,20,1.000000000000
2026-06-07,3,3,1.000000000000
2026-06-08,11,11,1.000000000000
2026-06-09,7,7,1.000000000000
2026-06-10,4,4,1.000000000000
2026-06-11,16,15,0.937500000000
2026-06-12,11,1,0.090909090909
2026-06-13,7,5,0.714285714286
2026-06-14,20,20,1.000000000000
2026-06-15,20,20,1.000000000000
2026-06-16,16,16,1.000000000000
2026-06-17,6,6,1.000000000000
2026-06-18,11,11,1.000000000000
2026-06-19,14,14,1.000000000000
2026-06-20,6,6,1.000000000000
2026-06-21,4,4,1.000000000000
2026-06-22,3,3,1.000000000000
2026-06-23,4,4,1.000000000000
2026-06-24,0,0,
2026-06-25,0,0,
2026-06-26,2,2,1.000000000000
2026-06-27,0,0,
2026-06-28,42,22,0.523809523810
2026-06-29,0,0,
2026-06-30,3,3,1.000000000000
2026-07-01,0,0,
2026-07-02,13,13,1.000000000000
2026-07-03,16,16,1.000000000000
2026-07-04,2,2,1.000000000000
2026-07-05,12,8,0.666666666667
2026-07-06,14,14,1.000000000000
2026-07-07,29,29,1.000000000000
2026-07-08,22,22,1.000000000000
2026-07-09,4,4,1.000000000000
2026-07-10,71,11,0.154929577465
2026-07-11,1,1,1.000000000000
2026-07-12,1,1,1.000000000000
2026-07-13,46,30,0.652173913043
2026-07-14,0,0,
2026-07-15,3,3,1.000000000000
2026-07-16,7,7,1.000000000000
2026-07-17,1,1,1.000000000000
2026-07-18,3,3,1.000000000000
2026-07-19,27,22,0.814814814815
2026-07-20,2,2,1.000000000000
2026-07-21,23,23,1.000000000000
2026-07-22,19,19,1.000000000000
2026-07-23,16,16,1.000000000000
2026-07-24,17,17,1.000000000000
2026-07-25,6,6,1.000000000000
2026-07-26,2,2,1.000000000000
2026-07-27,4,4,1.000000000000
2026-07-28,4,4,1.000000000000
2026-07-29,7,7,1.000000000000
2026-07-30,6,2,0.333333333333
2026-07-31,1,1,1.000000000000
2026-08-01,2,2,1.000000000000
2026-08-02,2,2,1.000000000000
2026-08-03,1092,1092,1.000000000000
2026-08-04,1603,1603,1.000000000000
2026-08-05,989,989,1.000000000000
2026-08-06,335,335,1.000000000000
2026-08-07,202,201,0.995049504950
2026-08-08,178,171,0.960674157303
2026-08-09,113,113,1.000000000000
2026-08-10,145,145,1.000000000000
2026-08-11,66,66,1.000000000000
